time_s,position_rad,velocity_rad_s,target_rad
2.8999966161791235e-07,0.0,0.00019198621444444444,0.25
0.01014115900034085,0.0,0.00888372574111111,0.25
0.020273160999749962,-0.00045378559777777775,0.007871434792222222,0.25
0.030394442999750027,0.0009948376566666667,0.00808087429888889,0.25
0.04051449199960189,0.002652900417777778,0.008133234175555556,0.25
0.0506343110000671,0.0034033919833333336,0.005602506803333333,0.25
0.060753339000257256,0.004345869763333334,0.006736970797777778,0.25
0.07087491099991894,0.006998770181111111,0.005393067296666667,0.25
0.08099368799958029,0.008831365864444444,0.004799655361111111,0.25
0.09111200499955885,0.01335176855,0.011257373483333333,0.25
0.10123107199979131,0.015847589337777777,0.01185078541888889,0.25
0.11135036999985459,0.022724186473333335,0.017174039546666665,0.25
0.12147147199993924,0.026563910762222222,0.01577777616888889,0.25
0.13159238299977005,0.030578167973333334,0.01624901505888889,0.25
0.1418757800001913,0.03974114639,0.014974924726666667,0.25
0.15199509800004307,0.044820054426666665,0.013840460732222223,0.25
0.1621158589996412,0.055676002188888886,0.02096140395888889,0.25
0.17237307600044005,0.06759660077666667,0.020821777621111114,0.25
0.18257405799977278,0.07382742610000001,0.020298178854444446,0.25
0.19287296299989976,0.08670795576,0.01989675313333333,0.25
0.20299353399968822,0.09368927264888889,0.018814649015555556,0.25
0.21311500600040745,0.10763445313444445,0.01869247597,0.25
0.22323450499970932,0.11501719574444444,0.026284658086666666,0.25
0.23335285099983594,0.1224522982311111,0.02607521858,0.25
0.2434734609996667,0.13770647563333333,0.025010567754444445,0.25
0.2535963159998573,0.1451939379966667,0.018011797573333335,0.25
0.26372500199977367,0.15995942321666665,0.026284658086666666,0.25
0.273859488999733,0.16701055327444445,0.01874483584666667,0.25
0.28401229999963107,0.18037977511666667,0.019216074736666665,0.25
0.29416670400041767,0.18694221299222222,0.019216074736666665,0.25
0.30431427500025166,0.19331266465333333,0.020751964452222223,0.25
0.31443533600031515,0.20514599677999998,0.02216568112222222,0.25
0.32455133799976466,0.21078341016777777,0.013561208056666666,0.25
0.33466845200018724,0.2204001741822222,0.014974924726666667,0.25
0.34481045299980906,0.2246238709,0.016371188104444444,0.25
0.3549561609997909,0.23190189375666667,0.009250244877777779,0.25
0.36508255199987616,0.23486895343444444,0.009512044261111111,0.25
0.37520142999983364,0.23745204068333334,0.010786134593333333,0.25
0.38531814300040423,0.24211206970666665,0.012531463815555555,0.25
0.39545698700021603,0.24410174502,0.005270894251111111,0.25
0.40573317100006534,0.24699899152888888,0.006195918738888888,0.25
0.41599845299970184,0.2480112824777778,0.007941247961111111,0.25
0.4261683759996231,0.24965189194666668,0.00808087429888889,0.25
0.43640259000039805,0.25035002363555553,0.007609635408888889,0.25
0.4470637269996587,0.2501405841288889,0.00801106113,0.25
0.45739435300038167,0.2505594631422222,0.008604473065555555,0.25
0.467617135999717,0.2505594631422222,0.008813912572222223,0.25
0.4778962740001589,0.2505594631422222,0.00019198621444444444,0.25
0.48808286900020903,0.2505594631422222,0.008813912572222223,0.25
0.4983960110002954,0.2505594631422222,0.008813912572222223,0.25
0.5085619869996663,0.2505594631422222,0.00019198621444444444,0.25
0.5186788510000042,0.2505594631422222,0.0,0.25
0.5288046109999414,0.2505594631422222,0.008744099403333334,0.25
0.5389850740002657,0.2505594631422222,0.0004014257211111111,0.25
0.5490996629996516,0.2505594631422222,0.0003316125522222222,0.25
0.5592143829999259,0.2505594631422222,0.0008028514422222222,0.25
0.5693317169998409,0.2495820787777778,0.00045378559777777775,0.25
0.5794470479995653,0.24951226560888887,0.0005235987666666667,0.25
0.5895623280002837,0.24951226560888887,0.008813912572222223,0.25
0.5996777090003889,0.24951226560888887,0.00012217304555555555,0.25
0.6097933499995634,0.24951226560888887,0.00888372574111111,0.25
0.6199287079998612,0.24951226560888887,0.008813912572222223,0.25
0.6300438289999875,0.24951226560888887,0.00888372574111111,0.25
0.6401596400000926,0.24951226560888887,0.0,0.25
0.6502748200000497,0.24951226560888887,0.0,0.25
0.660392425000282,0.24951226560888887,0.0003316125522222222,0.25
0.6705098200000066,0.24951226560888887,0.00026179938333333334,0.25
0.6806265229997734,0.24951226560888887,0.00888372574111111,0.25
0.690742345000217,0.24951226560888887,5.235987666666667e-05,0.25
0.7008579559997088,0.24951226560888887,0.0003316125522222222,0.25
0.7109738970002581,0.24951226560888887,0.008674286234444445,0.25
0.7210897889999615,0.24951226560888887,0.008604473065555555,0.25
0.7312050700002146,0.24951226560888887,0.0,0.25
0.7413239970001086,0.24951226560888887,0.0,0.25
0.7514455290001933,0.24951226560888887,0.0,0.25
0.7615630840000449,0.24951226560888887,0.008604473065555555,0.25
0.7718071769995731,0.24951226560888887,5.235987666666667e-05,0.25
0.7819332779999968,0.24951226560888887,0.0003316125522222222,0.25
0.7921439880001344,0.24951226560888887,0.0,0.25
0.8023839229999794,0.24951226560888887,0.008534659896666666,0.25
0.8125801850001153,0.24951226560888887,0.008604473065555555,0.25
0.8228684710002199,0.24951226560888887,0.00012217304555555555,0.25
0.8329884909999237,0.24951226560888887,0.00012217304555555555,0.25
0.8431070070000715,0.24951226560888887,0.00012217304555555555,0.25
0.8532335890004106,0.24951226560888887,0.00019198621444444444,0.25
0.8633512739997968,0.24951226560888887,0.00019198621444444444,0.25
0.8734839170001578,0.24951226560888887,0.0,0.25
0.8836804909997227,0.24951226560888887,0.0,0.25
0.8938214489999154,0.24951226560888887,0.0,0.25
0.9039566170004036,0.24951226560888887,0.0003316125522222222,0.25
0.9140727189997051,0.24951226560888887,0.008813912572222223,0.25
0.9242038399997909,0.24951226560888887,0.0,0.25
0.934391826999672,0.24951226560888887,0.00012217304555555555,0.25
0.9445609189997413,0.24951226560888887,0.008813912572222223,0.25
0.9546882220001862,0.24951226560888887,0.00012217304555555555,0.25
0.9648652280002352,0.24951226560888887,5.235987666666667e-05,0.25
0.9750471739998829,0.24951226560888887,0.00045378559777777775,0.25
0.9852151240002058,0.24951226560888887,0.0,0.25
0.9953464649997841,0.24951226560888887,0.00012217304555555555,0.25
1.0055337909998343,0.24951226560888887,0.0,0.25
1.015721056000075,0.24951226560888887,0.00888372574111111,0.25
1.0259432080001716,0.24951226560888887,0.008813912572222223,0.25
1.0361710400002266,0.24951226560888887,0.00888372574111111,0.25
1.046311598000102,0.24951226560888887,0.008604473065555555,0.25
1.0564281209999535,0.24951226560888887,0.0,0.25
1.0665431810002701,0.24951226560888887,0.00888372574111111,0.25
1.0768216380001832,0.24951226560888887,0.00019198621444444444,0.25
1.087143527999615,0.24951226560888887,0.00888372574111111,0.25
1.0974021780002658,0.24951226560888887,0.008744099403333334,0.25
1.1076252610000665,0.24951226560888887,5.235987666666667e-05,0.25
1.1180093169996326,0.24951226560888887,0.00888372574111111,0.25
1.128150155000185,0.24951226560888887,5.235987666666667e-05,0.25
1.1383606950003013,0.24951226560888887,0.0003316125522222222,0.25
1.1484775779999836,0.24951226560888887,0.008534659896666666,0.25
1.1585974379995605,0.24951226560888887,0.00019198621444444444,0.25
1.1687178680003854,0.24951226560888887,0.0,0.25
1.1788402519996453,0.24951226560888887,0.0003316125522222222,0.25
1.1889608519995818,0.24951226560888887,0.008813912572222223,0.25
1.199081632999878,0.24951226560888887,0.008604473065555555,0.25
1.2092023739996876,0.24951226560888887,0.0,0.25
1.2193229140002586,0.24951226560888887,0.00888372574111111,0.25
1.2294439560000683,0.24951226560888887,0.0,0.25
1.239563934999751,0.24951226560888887,5.235987666666667e-05,0.25
1.2496847660004278,0.24951226560888887,0.00019198621444444444,0.25
1.2598056670003643,0.24951226560888887,0.00012217304555555555,0.25
1.269930464999561,0.24951226560888887,5.235987666666667e-05,0.25
1.2800516469997092,0.24951226560888887,0.00019198621444444444,0.25
1.2901714159997937,0.24951226560888887,0.008813912572222223,0.25
1.3002914259996032,0.24951226560888887,0.00888372574111111,0.25
1.31041335899954,0.24951226560888887,0.008674286234444445,0.25
1.320534669999688,0.24951226560888887,0.0,0.25
1.3306550710003648,0.24951226560888887,0.0,0.25
1.3407771640004285,0.24951226560888887,0.008813912572222223,0.25
1.3508983359997728,0.24951226560888887,0.00026179938333333334,0.25
1.3610195669998575,0.24951226560888887,0.008674286234444445,0.25
1.371139435999794,0.24951226560888887,0.0,0.25
1.3812598060003438,0.24951226560888887,0.00026179938333333334,0.25
1.3913812589998997,0.24951226560888887,0.00888372574111111,0.25
1.4015040929998577,0.24951226560888887,0.00019198621444444444,0.25
1.411617429999751,0.24951226560888887,0.008744099403333334,0.25
1.4218998850001299,0.24951226560888887,0.00019198621444444444,0.25
1.4320496299997103,0.24951226560888887,0.00888372574111111,0.25
1.4422386099995492,0.24951226560888887,0.00045378559777777775,0.25
1.452372314999593,0.24951226560888887,0.008674286234444445,0.25
1.462494317999699,0.24951226560888887,0.008744099403333334,0.25
1.4726676680002129,0.24951226560888887,5.235987666666667e-05,0.25
1.4827888789995995,0.24951226560888887,0.0,0.25
1.492919479000193,0.24951226560888887,0.00026179938333333334,0.25
1.5030399790002775,0.24951226560888887,0.00012217304555555555,0.25
1.5132155230003264,0.24951226560888887,0.00888372574111111,0.25
1.5233362429999033,0.24951226560888887,0.00888372574111111,0.25
1.5334563529995648,0.24951226560888887,5.235987666666667e-05,0.25
1.5435772239998187,0.24951226560888887,0.008813912572222223,0.25
1.5536974639999244,0.24951226560888887,5.235987666666667e-05,0.25
1.563819095999861,0.24951226560888887,0.0007330382733333334,0.25
1.5739478420000523,0.24951226560888887,0.00841248685111111,0.25
1.5840730410000106,0.24951226560888887,0.008674286234444445,0.25
1.5941925699999047,0.24951226560888887,0.00012217304555555555,0.25
1.6043127000002642,0.24951226560888887,0.00888372574111111,0.25
1.614433149999968,0.24951226560888887,0.00888372574111111,0.25
1.6245520669999678,0.24951226560888887,0.0003316125522222222,0.25
1.6346718459999465,0.24951226560888887,0.008604473065555555,0.25
1.6447919259999253,0.24951226560888887,0.00888372574111111,0.25
1.6549112740003693,0.24951226560888887,0.00026179938333333334,0.25
1.6650321950000944,0.24951226560888887,5.235987666666667e-05,0.25
1.6751504009998825,0.24951226560888887,0.00019198621444444444,0.25
1.6852716229996076,0.24951226560888887,0.0,0.25
1.6953899489999458,0.24951226560888887,0.00019198621444444444,0.25
1.7055102889999034,0.24951226560888887,0.0,0.25
1.7156288659998609,0.24951226560888887,0.008604473065555555,0.25
1.725749346000157,0.24951226560888887,0.008534659896666666,0.25
1.735868734000178,0.24951226560888887,0.0,0.25
1.7459897360004106,0.24951226560888887,0.00026179938333333334,0.25
1.7561087029998816,0.24951226560888887,0.008813912572222223,0.25
1.7662204870002824,0.24951226560888887,5.235987666666667e-05,0.25
1.776366285000222,0.24951226560888887,0.0,0.25
1.7864882980002221,0.24951226560888887,0.008674286234444445,0.25
1.7966112229996725,0.24951226560888887,0.008674286234444445,0.25
1.8068100410000625,0.24951226560888887,0.00888372574111111,0.25
1.81693160299983,0.24951226560888887,0.0,0.25
1.8272005420003552,0.24951226560888887,0.0,0.25
1.8373042610000994,0.24951226560888887,0.008813912572222223,0.25
1.8474142120003307,0.24951226560888887,0.008744099403333334,0.25
1.8575126109999474,0.24951226560888887,0.008813912572222223,0.25
1.867615246999776,0.24951226560888887,0.008534659896666666,0.25
1.87788030899992,0.24951226560888887,0.008674286234444445,0.25
1.8881242819998079,0.24951226560888887,0.008744099403333334,0.25
1.8982557830004225,0.24951226560888887,0.0,0.25
1.9084407250002187,0.24951226560888887,0.0003316125522222222,0.25
1.918579588999819,0.24951226560888887,0.0,0.25
1.928726959999949,0.24951226560888887,5.235987666666667e-05,0.25
1.9388473210001393,0.24951226560888887,0.00019198621444444444,0.25
1.948967991000245,0.24951226560888887,0.0,0.25
1.9590889119999702,0.24951226560888887,0.008744099403333334,0.25
1.969212117999632,0.24951226560888887,0.0,0.25
1.9793459630000143,0.24951226560888887,0.008744099403333334,0.25
1.9894834650003759,0.24951226560888887,0.008813912572222223,0.25
1.9996247850003783,0.24951226560888887,0.0,0.25
2.009747750000315,0.24951226560888887,0.00012217304555555555,0.25
2.0198664270001245,0.24951226560888887,0.0,0.25
2.0299846629995955,0.24951226560888887,0.0,0.25
2.0401250300001266,0.24951226560888887,0.008744099403333334,0.25
2.050269174999812,0.24951226560888887,0.00012217304555555555,0.25
2.0603866499996,0.24951226560888887,0.00019198621444444444,0.25
2.070507880999685,0.24951226560888887,0.008674286234444445,0.25
2.080627469999854,0.24951226560888887,0.0,0.25
2.090771334999772,0.24951226560888887,0.008674286234444445,0.25
2.1009331630002634,0.24951226560888887,5.235987666666667e-05,0.25
2.111052379999819,0.24951226560888887,0.00841248685111111,0.25
2.1211718089998612,0.24951226560888887,0.0,0.25
2.131291257000157,0.24951226560888887,0.008534659896666666,0.25
2.1414613710003323,0.24951226560888887,5.235987666666667e-05,0.25
2.151689864000218,0.24951226560888887,0.00019198621444444444,0.25
2.161923296999703,0.24951226560888887,5.235987666666667e-05,0.25
2.1720925190002163,0.24951226560888887,0.008813912572222223,0.25
2.1828751439998086,0.24951226560888887,0.008744099403333334,0.25
2.1930192190002344,0.24951226560888887,5.235987666666667e-05,0.25
2.2033229239996217,0.24951226560888887,0.00019198621444444444,0.25
2.213488438999775,0.24951226560888887,0.00019198621444444444,0.25
2.223624518000179,0.24951226560888887,0.0,0.25
2.2338016249996144,0.24951226560888887,0.00019198621444444444,0.25
2.2440411790003054,0.24951226560888887,0.00026179938333333334,0.25
2.254170946999693,0.24951226560888887,5.235987666666667e-05,0.25
2.2643395779996354,0.24951226560888887,0.00888372574111111,0.25
2.27554409700042,0.24951226560888887,0.008744099403333334,0.25
2.285792446999949,0.24951226560888887,0.008674286234444445,0.25
2.2959706459996596,0.24951226560888887,0.008674286234444445,0.25
2.3060864480003147,0.24951226560888887,0.008744099403333334,0.25
2.316206157000124,0.24951226560888887,0.0,0.25
2.326324212000145,0.24951226560888887,0.008813912572222223,0.25
2.3364418270002716,0.24951226560888887,5.235987666666667e-05,0.25
2.3465619070002504,0.24951226560888887,0.008604473065555555,0.25
2.356682847999764,0.24951226560888887,0.0,0.25
2.366803689000335,0.24951226560888887,0.00888372574111111,0.25
2.376929428999574,0.24951226560888887,0.008813912572222223,0.25
2.3870477150003353,0.24951226560888887,0.008813912572222223,0.25
2.3971667329997217,0.24951226560888887,0.008813912572222223,0.25
2.4072858099998484,0.24951226560888887,0.008813912572222223,0.25
2.4174049679995733,0.24951226560888887,0.0004014257211111111,0.25
2.4275731580000866,0.24951226560888887,5.235987666666667e-05,0.25
2.437752900000305,0.24951226560888887,0.0,0.25
2.447883630000433,0.24951226560888887,0.0004014257211111111,0.25
2.458002747000137,0.24951226560888887,0.008674286234444445,0.25
2.468122276000031,0.24951226560888887,0.008813912572222223,0.25
2.478264747999674,0.24951226560888887,0.0004014257211111111,0.25
2.4884098339998673,0.24951226560888887,5.235987666666667e-05,0.25
2.4985300239995922,0.24951226560888887,5.235987666666667e-05,0.25
2.508650493999994,0.24951226560888887,0.0,0.25
2.5187640820004162,0.24951226560888887,0.0,0.25
2.5288993900003334,0.24951226560888887,0.0,0.25
2.5390026380000563,0.24951226560888887,5.235987666666667e-05,0.25
2.5491428850000375,0.24951226560888887,5.235987666666667e-05,0.25
2.5592611809997834,0.24951226560888887,0.00888372574111111,0.25
2.569383215000016,0.24951226560888887,5.235987666666667e-05,0.25
2.5795024420003756,0.24951226560888887,0.00026179938333333334,0.25
2.5896222609999313,0.24951226560888887,0.008534659896666666,0.25
2.5997407280001426,0.24951226560888887,0.008744099403333334,0.25
2.6098603569998886,0.24951226560888887,0.00019198621444444444,0.25
2.6199687640000775,0.24951226560888887,0.0,0.25
2.6300802679998014,0.24951226560888887,5.235987666666667e-05,0.25
2.6402177500003745,0.24951226560888887,0.008813912572222223,0.25
2.650386901999809,0.24951226560888887,5.235987666666667e-05,0.25
2.6605514249995394,0.24951226560888887,0.00848230002,0.25
2.670677576000344,0.24951226560888887,0.00888372574111111,0.25
2.680797996000365,0.24951226560888887,5.235987666666667e-05,0.25
2.6909597439998834,0.24951226560888887,0.00019198621444444444,0.25
2.701146188000166,0.24951226560888887,0.00026179938333333334,0.25
2.7113297169998987,0.24951226560888887,5.235987666666667e-05,0.25
2.721896686999571,0.24951226560888887,0.0004014257211111111,0.25
2.7321801839998443,0.24951226560888887,0.00026179938333333334,0.25
2.742397465999602,0.24951226560888887,0.00888372574111111,0.25
2.7525928770000974,0.24951226560888887,0.00888372574111111,0.25
2.7636211839999305,0.24951226560888887,0.00026179938333333334,0.25
2.773804663000192,0.24951226560888887,0.008674286234444445,0.25
2.783962344000429,0.24951226560888887,0.00888372574111111,0.25
2.7940693379996446,0.24951226560888887,0.008813912572222223,0.25
2.804182173999834,0.24951226560888887,0.00888372574111111,0.25
2.814300490000278,0.24951226560888887,5.235987666666667e-05,0.25
2.8244207600000664,0.24951226560888887,0.00888372574111111,0.25
2.8345268639995993,0.24951226560888887,5.235987666666667e-05,0.25
2.8446434469997257,0.24951226560888887,5.235987666666667e-05,0.25
2.8547614319995773,0.24951226560888887,0.00012217304555555555,0.25
2.8648593799998707,0.24951226560888887,0.00888372574111111,0.25
2.875037980000343,0.24951226560888887,0.00019198621444444444,0.25
2.885226759000034,0.24951226560888887,0.0,0.25
2.8953864929999327,0.24951226560888887,5.235987666666667e-05,0.25
2.905507544000102,0.24951226560888887,5.235987666666667e-05,0.25
2.9156270120001864,0.24951226560888887,5.235987666666667e-05,0.25
2.9258030669998334,0.24951226560888887,0.00841248685111111,0.25
2.9360272229996554,0.24951226560888887,0.008744099403333334,0.25
2.9461729610002294,0.24951226560888887,0.008813912572222223,0.25
2.956273683999825,0.24951226560888887,0.008744099403333334,0.25
2.96637271399959,0.24951226560888887,0.0,0.25
2.976478366000265,0.24951226560888887,0.00888372574111111,0.25
2.9865556750000906,0.24951226560888887,0.0,0.25
2.996684271000049,0.24951226560888887,0.0,0.25
